#ABPP Monthly Statistical Report-January 2021.xlsx,,,,,,,,,,
category1,category2,Decisions,Grant,Deny,Rate,Grant - Guideline,Deny - Guideline,Rate - Guideline,Conform,Month
Totals,,466,108,358,23%,,,77%,46%,2021/1/1
Gender,Male,430,87,343,20%,,,75%,45%,
,Female,36,21,15,58%,,,100%,58%,
Race,Black,219,33,186,15%,,,70%,45%,
,White,242,75,167,31%,,,82%,48%,
,Unknown,5,0,5,0%,,,100%,0%,
Age,YO,0,0,0,N/A,,,N/A,N/A,
,18-29,64,10,54,16%,,,56%,59%,
,30-39,159,40,119,25%,,,74%,50%,
,40-49,137,36,101,26%,,,81%,45%,
,50-59,70,17,53,24%,,,87%,37%,
,60-69,24,3,21,13%,,,83%,29%,
,70-79,10,2,8,20%,,,100%,20%,
,80+,2,0,2,0%,,,100%,0%,
Risk Assessment,None Reported,0,0,0,N/A,,,N/A,N/A,
,Low,115,21,94,18%,,,98%,20%,
,Moderate,202,75,127,37%,,,82%,55%,
,High,110,11,99,10%,,,67%,43%,
,Very High,39,1,38,3%,,,13%,85%,
Offense Severity,None Reported,0,0,0,N/A,,,N/A,N/A,
,Low,110,51,59,46%,,,87%,59%,
,Moderate,44,38,6,37%,,,76%,59%,
,High,254,19,235,7%,,,72%,35%,
Institutional Behavior,0 Disc w/in last 12 months,335,105,230,31%,,,88%,42%,
,1 or more non- violent disc,91,3,88,3%,,,57%,46%,
,1 violent disc,34,0,34,0%,,,26%,74%,
,2 or more violent disc,6,0,6,0%,,,0%,100%,
Programming,Completion of Required Programs,385,86,299,22%,,,81%,41%,
,Reasonable Effort Made,51,20,31,39%,,,82%,57%,
,No Reasonable Effort Made,19,2,17,11%,,,26%,84%,
,Unacceptable Compliance,11,0,11,0%,,,0%,100%,
Offense Type,Violent,271,33,238,12%,,,70%,42%,
,Non-violent,195,75,120,38%,,,86%,51%,
#ABPP Monthly Statistical Report-February 2021.xlsx,,,,,,,,,,
,,,,,,,,,,
Totals,,324,58,266,18%,,,77%,46%,2021/2/1
Gender,Male,300,51,249,17%,,,75%,45%,
,Female,24,7,17,29%,,,92%,58%,
Race,Black,140,13,127,9%,,,72%,45%,
,White,179,45,134,25%,,,79%,48%,
,Unknown,5,0,5,0%,,,100%,0%,
Age,YO,0,0,0,N/A,,,N/A,N/A,
,18-29,33,3,30,9%,,,67%,59%,
,30-39,87,17,70,20%,,,71%,50%,
,40-49,109,22,87,20%,,,74%,45%,
,50-59,65,9,56,14%,,,86%,37%,
,60-69,24,7,17,29%,,,88%,29%,
,70-79,6,0,6,0%,,,100%,20%,
,80+,0,0,0,N/A,,,N/A,0%,
Risk Assessment,None Reported,0,0,0,N/A,,,N/A,N/A,
,Low,67,7,60,10%,,,99%,20%,
,Moderate,148,44,104,30%,,,82%,55%,
,High,76,7,69,9%,,,72%,43%,
,Very High,33,0,33,0%,,,15%,85%,
Offense Severity,None Reported,0,0,0,N/A,,,N/A,N/A,
,Low,83,34,49,41%,,,94%,59%,
,Moderate,65,11,54,17%,,,75%,59%,
,High,176,13,163,7%,,,69%,35%,
Institutional Behavior,0 Disc w/in last 12 months,246,56,190,23%,,,87%,42%,
,1 or more non- violent disc,51,2,49,4%,,,55%,46%,
,1 violent disc,22,0,22,0%,,,23%,74%,
,2 or more violent disc,5,0,5,0%,,,0%,100%,
Programming,Completion of Required Programs,275,50,225,18%,,,80%,41%,
,Reasonable Effort Made,34,8,26,24%,,,76%,57%,
,No Reasonable Effort Made,6,0,6,0%,,,33%,84%,
,Unacceptable Compliance,8,0,8,0%,,,0%,100%,
Offense Type,Violent,189,19,170,10%,,,74%,42%,
,Non-violent,135,39,96,29%,,,81%,51%,
#ABPP Monthly Statistical Report-March 2021.xlsx,,,,,,,,,,
,,,,,,,,,,
Totals,,414,60,354,14%,,,80%,35%,2021/3/1
Gender,Male,382,49,333,13%,,,79%,34%,
,Female,32,11,21,34%,,,88%,47%,
Race,Black,226,21,205,9%,,,75%,35%,
,White,180,39,141,22%,,,86%,36%,
,Unknown,8,0,8,0%,,,88%,100%,
Age,YO,0,0,0,N/A,,,N/A,N/A,
,18-29,50,5,45,10%,,,66%,44%,
,30-39,126,22,104,17%,,,75%,42%,
,40-49,131,21,110,16%,,,85%,31%,
,50-59,67,9,58,13%,,,84%,30%,
,60-69,31,3,28,10%,,,84%,26%,
,70-79,8,0,8,0%,,,100%,0%,
,80+,1,0,1,0%,,,100%,0%,
Risk Assessment,None Reported,0,0,0,N/A,,,N/A,N/A,
,Low,130,13,117,10%,,,99%,11%,
,Moderate,170,42,128,25%,,,77%,48%,
,High,98,5,93,5%,,,68%,37%,
,Very High,16,0,16,0%,,,19%,81%,
Offense Severity,None Reported,0,0,0,N/A,,,N/A,N/A,
,Low,81,30,51,37%,,,94%,43%,
,Moderate,53,16,37,30%,,,91%,40%,
,High,280,14,266,5%,,,74%,31%,
Institutional Behavior,0 Disc w/in last 12 months,310,60,250,19%,,,91%,29%,
,1 or more non- violent disc,75,0,75,0%,,,59%,41%,
,1 violent disc,24,0,24,0%,,,21%,79%,
,2 or more violent disc,5,0,5,0%,,,0%,100%,
Programming,Completion of Required Programs,340,50,290,15%,,,83%,32%,
,Reasonable Effort Made,51,9,42,18%,,,82%,35%,
,No Reasonable Effort Made,15,1,14,7%,,,47%,60%,
,Unacceptable Compliance,8,0,8,0%,,,0%,100%,
Offense Type,Violent,280,22,258,8%,,,73%,35%,
,Non-violent,134,38,96,28%,,,93%,35%,
#ABPP Monthly Statistical Report-April 2021.xlsx,,,,,,,,,,
,,,,,,,,,,
Totals,,300,43,257,14%,226,74,75%,39%,2021/4/1
Gender,Male,278,35,243,13%,204,74,73%,39%,
,Female,22,8,14,36%,22,0,100%,36%,
Race,Black,167,13,154,8%,120,47,72%,36%,
,White,131,29,102,22%,105,26,80%,42%,
,Unknown,2,1,1,50%,1,1,50%,100%,
Age,YO,0,0,0,0%,0,0,0%,0%,
,18-29,32,2,30,6%,22,10,69%,38%,
,30-39,105,16,89,15%,71,34,68%,48%,
,40-49,101,18,83,18%,79,22,78%,40%,
,50-59,45,6,39,13%,39,6,87%,27%,
,60-69,13,0,13,0%,12,1,92%,8%,
,70-79,4,1,3,25%,3,1,75%,50%,
,80+,0,0,0,0%,0,0,0%,0%,
Risk Assessment,None Reported,0,0,0,0%,0,0,0%,0%,
,Low,78,9,69,12%,76,2,97%,14%,
,Moderate,140,34,106,24%,110,30,79%,46%,
,High,66,0,66,0%,39,27,59%,41%,
,Very High,16,0,16,0%,1,15,6%,94%,
Offense Severity,None Reported,0,0,0,0%,0,0,0%,0%,
,Low,48,18,30,38%,43,5,90%,48%,
,Moderate,49,12,37,24%,41,8,84%,41%,
,High,203,13,190,6%,142,61,70%,36%,
Institutional Behavior,0 Disc w/in last 12 months,207,42,165,20%,183,24,88%,32%,
,1 or more non- violent disc,67,1,66,1%,37,30,55%,46%,
,1 violent disc,23,0,23,0%,6,17,26%,74%,
,2 or more violent disc,3,0,3,0%,0,3,0%,100%,
Programming,Completion of Required Programs,225,34,191,15%,183,42,81%,34%,
,Reasonable Effort Made,48,9,39,19%,35,13,73%,46%,
,No Reasonable Effort Made,23,0,23,0%,7,16,30%,70%,
,Unacceptable Compliance,4,0,4,0%,1,3,25%,75%,
Offense Type,Violent,186,6,180,3%,126,60,68%,35%,
,Non-violent,114,37,77,32%,100,14,88%,45%,
#ABPP Monthly Statistical Report-May 2021.xlsx,,,,,,,,,,
,,,,,,,,,,
Totals,,356,47,309,13%,268,88,75%,38%,2021/5/1
Gender,Male,329,33,296,10%,241,88,73%,37%,
,Female,27,14,13,52%,27,0,100%,52%,
Race,Black,194,14,180,7%,140,54,72%,35%,
,White,160,33,127,21%,126,34,79%,42%,
,Unknown,2,0,2,0%,2,0,100%,0%,
Age,YO,0,0,0,N/A,0,0,N/A,N/A,
,18-29,29,4,25,14%,18,11,62%,52%,
,30-39,111,14,97,13%,80,31,72%,41%,
,40-49,114,20,94,18%,84,30,74%,44%,
,50-59,75,8,67,11%,59,16,79%,32%,
,60-69,23,1,22,4%,23,0,100%,4%,
,70-79,3,0,3,0%,3,0,100%,0%,
,80+,1,0,1,0%,1,0,100%,0%,
Risk Assessment,None Reported,0,0,0,N/A,0,0,N/A,N/A,
,Low,121,10,111,8%,117,4,97%,12%,
,Moderate,154,35,119,23%,115,39,75%,48%,
,High,61,2,59,3%,32,29,52%,51%,
,Very High,20,0,20,0%,4,16,20%,80%,
Offense Severity,None Reported,0,0,0,N/A,0,0,N/A,N/A,
,Low,49,26,23,53%,48,1,98%,55%,
,Moderate,46,11,35,24%,34,12,74%,50%,
,High,261,10,251,4%,186,75,71%,33%,
Institutional Behavior,0 Disc w/in last 12 months,244,47,197,19%,212,32,87%,32%,
,1 or more non-violent disc,75,0,75,0%,49,26,65%,35%,
,1 violent disc,26,0,26,0%,7,19,27%,73%,
,2 or more violent disc,11,0,11,0%,0,11,0%,100%,
Programming,Completion of Required Programs,266,29,237,11%,211,55,79%,32%,
,Reasonable Effort Made,66,18,48,27%,52,14,79%,48%,
,No Reasonable Effort Made,17,0,17,0%,4,13,24%,76%,
,Unacceptable Compliance,7,0,7,0%,1,6,14%,86%,
Offense Type,Violent,241,9,232,4%,167,74,69%,34%,
,Non-violent,115,38,77,33%,101,14,88%,45%,
#ABPP Monthly Statistical Report-June 2021.xlsx,,,,,,,,,,
,,,,,,,,,,
Totals,,274,25,249,9%,197,77,72%,37%,2021/6/1
Gender,Male,255,22,233,9%,182,73,71%,37%,
,Female,19,3,16,16%,15,4,79%,37%,
Race,Black,150,7,143,5%,102,48,68%,37%,
,White,120,18,102,15%,92,28,77%,38%,
,Unknown,4,0,4,0%,3,1,75%,100%,
Age,YO,0,0,0,N/A,0,0,N/A,N/A,
,18-29,15,0,15,0%,8,7,53%,47%,
,30-39,75,5,70,7%,43,32,57%,49%,
,40-49,94,12,82,13%,68,26,72%,40%,
,50-59,63,5,58,8%,53,10,84%,24%,
,60-69,25,3,22,12%,23,2,92%,20%,
,70-79,2,0,2,0%,2,0,100%,0%,
,80+,0,0,0,N/A,0,0,N/A,N/A,
Risk Assessment,None Reported,0,0,0,N/A,0,0,N/A,N/A,
,Low,84,5,79,6%,82,2,98%,8%,
,Moderate,119,18,101,15%,81,38,68%,47%,
,High,60,2,58,3%,32,28,53%,50%,
,Very High,11,0,11,0%,2,9,18%,82%,
Offense Severity,None Reported,0,0,0,N/A,0,0,N/A,N/A,
,Low,38,11,27,29%,35,3,92%,37%,
,Moderate,34,5,29,15%,21,13,62%,53%,
,High,202,9,193,4%,141,61,70%,35%,
Institutional Behavior,0 Disc w/in last 12 months,175,25,150,14%,154,21,88%,26%,
,1 or more non-violent disc,74,0,74,0%,40,34,54%,46%,
,1 violent disc,20,0,20,0%,3,17,15%,85%,
,2 or more violent disc,5,0,5,0%,0,5,0%,100%,
Programming,Completion of Required Programs,209,20,189,10%,160,49,77%,33%,
,Reasonable Effort Made,45,5,40,11%,33,12,73%,38%,
,No Reasonable Effort Made,18,0,18,0%,4,14,22%,78%,
,Unacceptable Compliance,2,0,2,0%,0,2,0%,100%,
Offense Type,Violent,197,10,187,5%,136,61,69%,36%,
,Non-violent,77,15,62,19%,61,16,79%,40%,
#ABPP Monthly Statistical Report-July 2021.xlsx,,,,,,,,,,
,,,,,,,,,,
Totals,,246,33,213,13%,192,54,78%,35%,2021/7/1
Gender,Male,224,26,198,12%,170,54,76%,36%,
,Female,22,7,15,32%,22,0,100%,32%,
Race,Black,134,13,121,10%,99,35,74%,36%,
,White,112,20,92,18%,93,19,83%,35%,
,Unknown,0,0,0,N/A,0,0,N/A,N/A,
Age,YO,0,0,0,N/A,0,0,N/A,N/A,
,18-29,25,6,19,24%,20,5,80%,44%,
,30-39,74,7,67,9%,50,24,68%,42%,
,40-49,71,16,55,23%,52,19,73%,49%,
,50-59,44,3,41,7%,40,4,91%,16%,
,60-69,27,1,26,4%,26,1,96%,7%,
,70-79,5,0,5,0%,4,1,80%,20%,
,80+,0,0,0,N/A,0,0,N/A,N/A,
Risk Assessment,Low,78,8,70,10%,75,3,96%,14%,
,Moderate,114,23,91,20%,88,26,77%,43%,
,High,51,2,49,4%,29,22,57%,47%,
,Very High,3,0,3,0%,0,3,0%,100%,
Offense Severity,Low,44,18,26,41%,43,1,98%,43%,
,Moderate,31,10,21,32%,28,3,90%,42%,
,High,171,5,166,3%,121,50,71%,32%,
Institutional Behavior,0 Disc w/in last 12 months,171,33,138,19%,159,12,93%,26%,
,1 or more non-violent disc,62,0,62,0%,32,30,52%,48%,
,1 violent disc,6,0,6,0%,1,5,17%,83%,
,2 or more violent disc,7,0,7,0%,0,7,0%,100%,
Programming,Completion of Required Programs,187,21,166,11%,147,40,79%,33%,
,Reasonable Effort Made,43,11,32,26%,39,4,91%,35%,
,No Reasonable Effort Made,14,1,13,7%,6,8,43%,64%,
,Unacceptable Compliance,2,0,2,0%,0,2,0%,100%,
Offense Type,Violent,163,8,155,5%,116,47,71%,34%,
,Non-violent,83,25,58,30%,76,7,92%,39%,
#ABPP Monthly Statistical Report-August 2021.xlsx,,,,,,,,,,
,,,,,,,,,,
Totals,,394,28,366,7%,294,100,75%,32%,2021/8/1
Gender,Male,364,19,345,5%,265,99,73%,32%,
,Female,30,9,21,30%,29,1,97%,33%,
Race,Black,240,11,229,5%,167,73,70%,35%,
,White,148,17,131,11%,122,26,82%,29%,
,Unknown,6,0,6,0%,5,1,83%,100%,
Age,YO,0,0,0,N/A,0,0,N/A,N/A,
,18-29,32,7,25,22%,20,12,63%,59%,
,30-39,115,5,110,4%,76,39,66%,38%,
,40-49,95,6,89,6%,73,22,77%,29%,
,50-59,98,9,89,9%,76,22,78%,32%,
,60-69,44,1,43,2%,40,4,91%,11%,
,70-79,9,0,9,0%,8,1,89%,11%,
,80+,1,0,1,0%,1,0,100%,0%,
Risk Assessment,Low,130,4,126,3%,125,5,96%,7%,
,Moderate,165,24,141,15%,120,45,73%,42%,
,High,73,0,73,0%,45,28,62%,38%,
,Very High,26,0,26,0%,4,22,15%,85%,
Offense Severity,Low,54,16,38,30%,51,3,94%,35%,
,Moderate,50,7,43,14%,41,9,82%,32%,
,High,290,5,285,2%,202,88,70%,32%,
Institutional Behavior,0 Disc w/in last 12 months,275,28,247,10%,244,31,89%,21%,
,1 or more non-violent disc,80,0,80,0%,45,35,56%,44%,
,1 violent disc,25,0,25,0%,5,20,20%,80%,
,2 or more violent disc,14,0,14,0%,0,14,0%,100%,
Programming,Completion of Required Programs,304,24,280,8%,240,64,79%,29%,
,Reasonable Effort Made,57,4,53,7%,45,12,79%,28%,
,No Reasonable Effort Made,27,0,27,0%,7,20,26%,74%,
,Unacceptable Compliance,6,0,6,0%,2,4,33%,67%,
Offense Type,Violent,270,6,264,2%,186,84,69%,33%,
,Non-violent,124,22,102,18%,108,16,87%,31%,
#ABPP Monthly Statistical Report-September 2021.xlsx,,,,,,,,,,
,,,,,,,,,,
Totals,,367,29,338,8%,295,72,80%,28%,2021/9/1
Gender,Male,345,24,321,7%,274,71,79%,28%,
,Female,22,5,17,23%,21,1,95%,27%,
Race,Black,217,9,208,4%,166,51,76%,28%,
,White,145,20,125,14%,124,21,86%,28%,
,Unknown,5,0,5,0%,5,0,100%,0%,
Age,YO,0,0,0,N/A,0,0,N/A,N/A,
,18-29,30,4,26,13%,23,7,77%,37%,
,30-39,121,8,113,7%,91,30,75%,31%,
,40-49,116,11,105,9%,94,22,81%,28%,
,50-59,76,6,70,8%,66,10,87%,21%,
,60-69,19,0,19,0%,16,3,84%,16%,
,70-79,3,0,3,0%,3,0,100%,0%,
,80+,2,0,2,0%,2,0,100%,0%,
Risk Assessment,Low,126,6,120,5%,120,6,95%,10%,
,Moderate,154,22,132,14%,124,30,81%,34%,
,High,68,1,67,1%,46,22,68%,34%,
,Very High,19,0,19,0%,5,14,26%,74%,
Offense Severity,Low,41,11,30,27%,39,2,95%,32%,
,Moderate,47,9,38,19%,42,5,89%,30%,
,High,279,9,270,3%,214,65,77%,27%,
Institutional Behavior,0 Disc w/in last 12 months,266,27,239,10%,239,27,90%,20%,
,1 or more non-violent disc,68,1,67,1%,52,16,76%,25%,
,1 violent disc,23,1,22,4%,4,19,17%,87%,
,2 or more violent disc,10,0,10,0%,0,10,0%,100%,
Programming,Completion of Required Programs,295,22,273,7%,245,50,83%,24%,
,Reasonable Effort Made,51,6,45,12%,44,7,86%,25%,
,No Reasonable Effort Made,16,1,15,6%,6,10,38%,69%,
,Unacceptable Compliance,5,0,5,0%,0,5,0%,100%,
Offense Type,Violent,261,12,249,5%,201,60,77%,28%,
,Non-violent,106,17,89,16%,94,12,89%,27%,
#ABPP Monthly Statistical Report-October 2021.xlsx,,,,,,,,,,
,,,,,,,,,,
Totals,,447,44,403,10%,353,94,79%,31%,2021/10/1
Gender,Male,409,34,375,8%,318,91,78%,31%,
,Female,38,10,28,26%,35,3,92%,34%,
Race,Black,246,14,232,6%,182,64,74%,32%,
,White,198,30,168,15%,168,30,85%,30%,
,Unknown,3,0,3,0%,3,0,100%,0%,
Age,YO,0,0,0,N/A,0,0,N/A,N/A,
,18-29,45,3,42,7%,31,14,69%,38%,
,30-39,132,15,117,11%,100,32,76%,36%,
,40-49,133,16,117,12%,106,27,80%,32%,
,50-59,86,9,77,10%,69,17,80%,30%,
,60-69,43,1,42,2%,39,4,91%,12%,
,70-79,8,0,8,0%,8,0,100%,0%,
,80+,0,0,0,N/A,0,0,N/A,N/A,
Risk Assessment,Low,152,14,138,9%,147,5,97%,13%,
,Moderate,174,26,148,15%,141,33,81%,34%,
,High,93,4,89,4%,60,33,65%,40%,
,Very High,28,0,28,0%,5,23,18%,82%,
Offense Severity,Low,71,26,45,37%,68,3,96%,41%,
,Moderate,67,11,56,16%,53,14,79%,37%,
,High,309,7,302,2%,232,77,75%,27%,
Institutional Behavior,0 Disc w/in last 12 months,339,43,296,13%,301,38,89%,24%,
,1 or more non-violent disc,75,1,74,1%,46,29,61%,40%,
,1 violent disc,28,0,28,0%,6,22,21%,79%,
,2 or more violent disc,5,0,5,0%,0,5,0%,100%,
Programming,Completion of Required Programs,342,33,309,10%,276,66,81%,29%,
,Reasonable Effort Made,79,11,68,14%,69,10,87%,27%,
,No Reasonable Effort Made,21,0,21,0%,7,14,33%,67%,
,Unacceptable Compliance,5,0,5,0%,1,4,20%,80%,
Offense Type,Violent,326,18,308,6%,253,73,78%,28%,
,Non-violent,121,26,95,21%,100,21,83%,39%,
#ABPP Monthly Statistical Report- November 2021.xlsx,,,,,,,,,,
,,,,,,,,,,
Totals,,247,25,222,10%,185,62,75%,35%,2021/11/1
Gender,Male,227,19,208,8%,166,61,73%,35%,
,Female,20,6,14,30%,19,1,95%,35%,
Race,Black,136,10,126,7%,101,35,74%,33%,
,White,108,15,93,14%,82,26,76%,38%,
,Unknown,3,0,3,0%,2,1,67%,33%,
Age,YO,0,0,0,N/A,0,0,N/A,N/A,
,18-29,21,1,20,5%,16,5,76%,29%,
,30-39,86,12,74,14%,57,29,66%,48%,
,40-49,91,8,83,9%,70,21,77%,32%,
,50-59,30,2,28,7%,26,4,87%,20%,
,60-69,15,2,13,13%,12,3,80%,33%,
,70-79,4,0,4,0%,4,0,100%,0%,
,80+,0,0,0,N/A,0,0,N/A,N/A,
Risk Assessment,Low,69,8,61,12%,64,5,93%,19%,
,Moderate,107,16,91,15%,88,19,82%,33%,
,High,52,1,51,2%,29,23,56%,46%,
,Very High,19,0,19,0%,4,15,21%,79%,
Offense Severity,Low,43,11,32,26%,41,2,95%,30%,
,Moderate,31,6,25,19%,23,8,74%,45%,
,High,173,8,165,5%,121,52,70%,35%,
Institutional Behavior,0 Disc w/in last 12 months,171,25,146,15%,146,25,85%,29%,
,1 or more non-violent disc,56,0,56,0%,37,19,66%,34%,
,1 violent disc,13,0,13,0%,2,11,15%,85%,
,2 or more violent disc,7,0,7,0%,0,7,0%,100%,
Programming,Completion of Required Programs,193,20,173,10%,145,48,75%,35%,
,Reasonable Effort Made,38,5,33,13%,35,3,92%,21%,
,No Reasonable Effort Made,11,0,11,0%,5,6,45%,55%,
,Unacceptable Compliance,5,0,5,0%,0,5,0%,100%,
Offense Type,Violent,159,9,150,6%,111,48,70%,36%,
,Non-violent,88,16,72,18%,74,14,84%,34%,
#ABPP Monthly Statistical Report- December 2021.xlsx,,,,,,,,,,
,,,,,,,,,,
Totals,,288,42,246,15%,242,46,84%,31%,2021-12-01
Gender,Male,264,30,234,11%,218,46,83%,29%,
,Female,24,12,12,50%,24,0,100%,50%,
Race,Black,156,11,145,7%,123,33,79%,28%,
,White,127,30,97,24%,114,13,90%,34%,
,Unknown,5,1,4,20%,5,0,100%,20%,
Age,YO,0,0,0,N/A,0,0,N/A,N/A,
,18-29,33,5,28,15%,27,6,82%,33%,
,30-39,104,20,84,19%,87,17,84%,36%,
,40-49,74,11,63,15%,59,15,80%,35%,
,50-59,55,5,50,9%,50,5,91%,18%,
,60-69,18,1,17,6%,16,2,89%,17%,
,70-79,4,0,4,0%,3,1,75%,25%,
,80+,0,0,0,N/A,0,0,N/A,N/A,
Risk Assessment,Low,93,10,83,11%,91,2,98%,13%,
,Moderate,127,27,100,21%,106,21,83%,38%,
,High,56,5,51,9%,42,14,75%,34%,
,Very High,12,0,12,0%,3,9,25%,75%,
Offense Severity,Low,55,23,32,42%,52,3,95%,47%,
,Moderate,42,10,32,24%,37,5,88%,36%,
,High,191,9,182,5%,153,38,80%,25%,
Institutional Behavior,0 Disc w/in last 12 months,214,41,173,19%,195,19,91%,28%,
,1 or more non-violent disc,55,1,54,2%,40,15,73%,29%,
,1 violent disc,18,0,18,0%,7,11,39%,61%,
,2 or more violent disc,1,0,1,0%,0,1,0%,100%,
Programming,Completion of Required Programs,211,36,175,17%,183,28,87%,30%,
,Reasonable Effort Made,58,6,52,10%,55,3,95%,16%,
,No Reasonable Effort Made,15,0,15,0%,4,11,27%,73%,
,Unacceptable Compliance,4,0,4,0%,0,4,0%,100%,
Offense Type,Violent,181,10,171,6%,143,38,79%,27%,
,Non-violent,107,32,75,30%,99,8,93%,37%,
#ABPP Monthly Statistical Report- January 2022 (1).xlsx,,,,,,,,,,
,,,,,,,,,,
Totals,,369,33,336,9%,300,69,81%,28%,2022/1/1
Gender,Male,328,23,305,7%,261,67,80%,27%,
,Female,41,10,31,24%,39,2,95%,29%,
Race,Black,184,11,173,6%,150,34,82%,24%,
,White,179,21,158,12%,145,34,81%,31%,
,Unknown,6,1,5,17%,5,1,83%,33%,
Age,YO,0,0,0,N/A,0,0,N/A,N/A,
,18-29,31,3,28,10%,25,6,81%,29%,
,30-39,127,12,115,9%,100,27,79%,31%,
,40-49,106,11,95,10%,89,17,84%,26%,
,50-59,76,5,71,7%,60,16,79%,28%,
,60-69,23,2,21,9%,21,2,91%,17%,
,70-79,5,0,5,0%,4,1,80%,20%,
,80+,1,0,1,0%,1,0,100%,0%,
Risk Assessment,Low,127,10,117,8%,121,6,95%,13%,
,Moderate,166,21,145,13%,141,25,85%,28%,
,High,51,1,50,2%,28,23,55%,47%,
,Very High,25,1,24,4%,10,15,40%,64%,
Offense Severity,Low,66,14,52,21%,65,1,98%,23%,
,Moderate,53,6,47,11%,43,10,81%,30%,
,High,250,13,237,5%,192,58,77%,28%,
Institutional Behavior,0 Disc w/in last 12 months,278,32,246,12%,241,37,87%,25%,
,1 or more non-violent disc,69,1,68,1%,53,16,77%,25%,
,1 violent disc,18,0,18,0%,6,12,33%,67%,
,2 or more violent disc,4,0,4,0%,0,4,0%,100%,
Programming,Completion of Required Programs,294,26,268,9%,248,46,84%,24%,
,Reasonable Effort Made,57,7,50,12%,48,9,84%,28%,
,No Reasonable Effort Made,13,0,13,0%,3,10,23%,77%,
,Unacceptable Compliance,5,0,5,0%,1,4,20%,80%,
Offense Type,Violent,243,12,231,5%,189,54,78%,27%,
,Non-violent,126,21,105,17%,111,15,88%,29%,
,,,,,,,,,,
#ABPP Monthly Statistical Report- Feb 2022 (1).xlsx,,,,,,,,,,
,,,,,,,,,,
Totals,,,,,,,,,,2022/2/1
Gender,Male,,,,,,,,,
,Female,,,,,,,,,
Race,Black,,,,,,,,,
,White,,,,,,,,,
,Unknown,,,,,,,,,
Age,YO,,,,,,,,,
,18-29,,,,,,,,,
,30-39,,,,,,,,,
,40-49,,,,,,,,,
,50-59,,,,,,,,,
,60-69,,,,,,,,,
,70-79,,,,,,,,,
,80+,,,,,,,,,
Risk Assessment,Low,,,,,,,,,
,Moderate,,,,,,,,,
,High,,,,,,,,,
,Very High,,,,,,,,,
Offense Severity,Low,,,,,,,,,
,Moderate,,,,,,,,,
,High,,,,,,,,,
Institutional Behavior,0 Disc w/in last 12 months,,,,,,,,,
,1 or more non-violent disc,,,,,,,,,
,1 violent disc,,,,,,,,,
,2 or more violent disc,,,,,,,,,
Programming,Completion of Required Programs,,,,,,,,,
,Reasonable Effort Made,,,,,,,,,
,No Reasonable Effort Made,,,,,,,,,
,Unacceptable Compliance,,,,,,,,,
Offense Type,Violent,,,,,,,,,
,Non-violent,,,,,,,,,
#ABPP Monthly Statistical Report - March 2022.xlsx,,,,,,,,,,
,,,,,,,,,,
Totals,,238,24,214,10%,190,48,80%,30%,2022/3/1
Gender,Male,209,17,192,8%,164,45,78%,30%,
,Female,29,7,22,24%,26,3,90%,34%,
Race,Black,101,7,94,7%,73,28,72%,35%,
,White,135,17,118,13%,115,20,85%,27%,
,Unknown,2,0,2,0%,2,0,100%,0%,
Age,YO,0,0,0,N/A,0,0,N/A,N/A,
,18-29,37,2,35,5%,26,11,70%,35%,
,30-39,77,8,69,10%,56,21,73%,38%,
,40-49,70,8,62,11%,61,9,87%,24%,
,50-59,40,5,35,13%,34,6,85%,28%,
,60-69,11,1,10,9%,10,1,91%,18%,
,70-79,3,0,3,0%,3,0,100%,0%,
,80+,0,0,0,N/A,0,0,N/A,N/A,
Risk Assessment,Low,71,10,61,14%,69,2,97%,17%,
,Moderate,102,12,90,12%,83,19,81%,30%,
,High,52,2,50,4%,35,17,67%,37%,
,Very High,13,0,13,0%,3,10,23%,77%,
Offense Severity,Low,51,11,40,22%,45,6,88%,33%,
,Moderate,50,5,45,10%,40,10,80%,30%,
,High,137,8,129,6%,105,32,77%,29%,
Institutional Behavior,0 Disc w/in last 12 months,182,22,160,12%,161,21,88%,24%,
,1 or more non-violent disc,34,2,32,6%,25,9,74%,32%,
,1 violent disc,17,0,17,0%,4,13,24%,76%,
,2 or more violent disc,5,0,5,0%,0,5,0%,100%,
Programming,Completion of Required Programs,152,14,138,9%,124,28,81%,28%,
,Reasonable Effort Made,68,10,58,15%,61,7,90%,25%,
,No Reasonable Effort Made,18,0,18,0%,5,13,28%,72%,
,Unacceptable Compliance,0,0,0,N/A,0,0,N/A,N/A,
Offense Type,Violent,149,6,143,4%,112,37,75%,29%,
,Non-violent,89,18,71,20%,78,11,88%,33%,
#ABPP Monthly Statistical Report - April 2022.xlsx,,,,,,,,,,
,,,,,,,,,,
Totals,,292,35,257,12%,240,52,82%,30%,2022/4/1
Gender,Male,265,27,238,10%,218,47,82%,28%,
,Female,27,8,19,30%,22,5,81%,48%,
Race,Black,146,13,133,9%,113,33,77%,32%,
,White,138,21,117,15%,121,17,88%,28%,
,Unknown,8,1,7,13%,6,2,75%,38%,
Age,YO,0,0,0,N/A,0,0,N/A,N/A,
,18-29,44,3,41,7%,36,8,82%,25%,
,30-39,98,9,89,9%,82,16,84%,26%,
,40-49,88,11,77,13%,69,19,78%,34%,
,50-59,43,10,33,23%,36,7,84%,40%,
,60-69,17,2,15,12%,15,2,88%,24%,
,70-79,2,0,2,0%,2,0,100%,0%,
,80+,0,0,0,N/A,0,0,N/A,N/A,
Risk Assessment,Low,83,14,69,17%,80,3,96%,20%,
,Moderate,134,20,114,15%,121,13,90%,25%,
,High,57,1,56,2%,35,22,61%,40%,
,Very High,18,0,18,0%,4,14,22%,78%,
Offense Severity,Low,73,16,57,22%,69,4,95%,27%,
,Moderate,64,13,51,20%,52,12,81%,39%,
,High,155,6,149,4%,119,36,77%,27%,
Institutional Behavior,0 Disc w/in last 12 months,227,35,192,15%,201,26,89%,27%,
,1 or more non-violent disc,42,0,42,0%,32,10,76%,24%,
,1 violent disc,17,0,17,0%,7,10,41%,59%,
,2 or more violent disc,6,0,6,0%,0,6,0%,100%,
Programming,Completion of Required Programs,195,24,171,12%,162,33,83%,29%,
,Reasonable Effort Made,78,11,67,14%,72,6,92%,22%,
,No Reasonable Effort Made,16,0,16,0%,6,10,38%,63%,
,Unacceptable Compliance,3,0,3,0%,0,3,0%,100%,
Offense Type,Violent,168,14,154,8%,128,40,76%,32%,
,Non-violent,124,21,103,17%,112,12,90%,27%,
#ABPP Monthly Statistical Report - May 2022.xlsx,,,,,,,,,,
,,,,,,,,,,
Totals,,306,35,271,11%,235,71,77%,35%,2022/5/1
Gender,Male,269,25,244,9%,199,70,74%,35%,
,Female,37,10,27,27%,36,1,97%,30%,
Race,Black,158,11,147,7%,115,43,73%,34%,
,White,148,24,124,16%,120,28,81%,35%,
,Unknown,0,0,0,N/A,0,0,N/A,N/A,
Age,YO,0,0,0,N/A,0,0,N/A,N/A,
,18-29,29,6,23,21%,24,5,83%,38%,
,30-39,106,8,98,8%,73,33,69%,39%,
,40-49,95,14,81,15%,71,24,75%,40%,
,50-59,53,5,48,9%,46,7,87%,23%,
,60-69,20,0,20,0%,18,2,90%,10%,
,70-79,1,1,0,100%,1,0,100%,100%,
,80+,2,1,1,50%,2,0,100%,50%,
Risk Assessment,Low,111,12,99,11%,109,2,98%,13%,
,Moderate,128,23,105,18%,97,31,76%,42%,
,High,54,0,54,0%,26,28,48%,52%,
,Very High,13,0,13,0%,3,10,23%,77%,
Offense Severity,Low,41,16,25,39%,39,2,95%,44%,
,Moderate,55,11,44,20%,41,14,75%,45%,
,High,210,8,202,4%,155,55,74%,30%,
Institutional Behavior,0 Disc w/in last 12 months,215,34,181,16%,189,26,88%,28%,
,1 or more non-violent disc,71,1,70,1%,42,29,59%,42%,
,1 violent disc,15,0,15,0%,4,11,27%,73%,
,2 or more violent disc,5,0,5,0%,0,5,0%,100%,
Programming,Completion of Required Programs,226,23,203,10%,183,43,81%,29%,
,Reasonable Effort Made,60,12,48,20%,50,10,83%,37%,
,No Reasonable Effort Made,15,0,15,0%,2,13,13%,87%,
,Unacceptable Compliance,5,0,5,0%,0,5,0%,100%,
Offense Type,Violent,199,6,193,3%,146,53,73%,30%,
,Non-violent,107,29,78,27%,89,18,83%,44%,
#ABPP Monthly Statistical Report - June 2022.xlsx,,,,,,,,,,
,,,,,,,,,,
Totals,,376,46,330,12%,297,79,79%,33%,2022/6/1
Gender,Male,357,40,317,11%,278,79,78%,33%,
,Female,19,6,13,32%,19,0,100%,32%,
Race,Black,200,22,178,11%,148,52,74%,37%,
,White,169,24,145,14%,143,26,85%,28%,
,Unknown,7,0,7,0%,6,1,86%,14%,
Age,YO,0,0,0,N/A,0,0,N/A,N/A,
,18-29,29,0,29,0%,20,9,69%,31%,
,30-39,104,9,95,9%,80,24,77%,32%,
,40-49,118,15,103,13%,92,26,78%,33%,
,50-59,76,14,62,18%,64,12,84%,34%,
,60-69,46,8,38,17%,38,8,83%,35%,
,70-79,3,0,3,0%,3,0,100%,0%,
,80+,0,0,0,N/A,0,0,N/A,N/A,
Risk Assessment,Low,131,19,112,15%,130,1,99%,15%,
,Moderate,148,22,126,15%,118,30,80%,34%,
,High,77,5,72,6%,48,29,62%,44%,
,Very High,20,0,20,0%,1,19,5%,95%,
Offense Severity,Low,61,17,44,28%,56,5,92%,37%,
,Moderate,56,8,48,14%,47,9,84%,30%,
,High,259,21,238,8%,194,65,75%,32%,
Institutional Behavior,0 Disc w/in last 12 months,282,44,238,16%,244,38,87%,29%,
,1 or more non-violent disc,75,2,73,3%,48,27,64%,36%,
,1 violent disc,15,0,15,0%,5,10,33%,67%,
,2 or more violent disc,4,0,4,0%,,4,0%,100%,
Programming,Completion of Required Programs,294,38,256,13%,244,50,83%,29%,
,Reasonable Effort Made,59,7,52,12%,48,11,81%,31%,
,No Reasonable Effort Made,18,1,17,6%,5,13,28%,78%,
,Unacceptable Compliance,5,0,5,0%,0,5,0%,100%,
Offense Type,Violent,245,20,225,8%,182,63,74%,33%,
,Non-violent,131,26,105,20%,115,16,88%,32%,
#ABPP Monthly Statistical Report - July 2022.xlsx,,,,,,,,,,
,,,,,,,,,,
Totals,,320,26,294,8%,253,67,79%,29%,2022/7/1
Gender,Male,303,20,283,7%,237,66,78%,28%,
,Female,17,6,11,35%,16,1,94%,41%,
Race,Black,148,7,141,5%,106,42,72%,33%,
,White,163,19,144,12%,140,23,86%,26%,
,Unknown,9,0,9,0%,7,2,78%,22%,
Age,YO,0,0,0,N/A,0,0,N/A,N/A,
,18-29,32,1,31,3%,22,10,69%,34%,
,30-39,87,6,81,7%,66,21,76%,31%,
,40-49,94,12,82,13%,73,21,78%,35%,
,50-59,73,3,70,4%,64,9,88%,16%,
,60-69,30,4,26,13%,25,5,83%,30%,
,70-79,4,0,4,0%,3,1,75%,25%,
,80+,0,0,0,N/A,0,0,N/A,N/A,
Risk Assessment,Low,101,5,96,5%,99,2,98%,7%,
,Moderate,129,15,114,12%,103,26,80%,32%,
,High,69,5,64,7%,46,23,67%,41%,
,Very High,21,1,20,5%,5,16,24%,81%,
Offense Severity,Low,51,8,43,16%,47,4,92%,24%,
,Moderate,53,12,41,23%,46,7,87%,36%,
,High,216,6,210,3%,160,56,74%,29%,
Institutional Behavior,0 Disc w/in last 12 months,230,22,208,10%,201,29,87%,22%,
,1 or more non-violent disc,68,4,64,6%,46,22,68%,38%,
,1 violent disc,18,0,18,0%,6,12,33%,67%,
,2 or more violent disc,4,0,4,0%,0,4,0%,100%,
Programming,Completion of Required Programs,245,23,222,9%,202,43,82%,27%,
,Reasonable Effort Made,50,2,48,4%,44,6,88%,16%,
,No Reasonable Effort Made,21,1,20,5%,6,15,29%,76%,
,Unacceptable Compliance,4,0,4,0%,1,3,25%,75%,
Offense Type,Violent,199,6,193,3%,147,52,74%,29%,
,Non-violent,121,20,101,17%,106,15,88%,29%,
#ABPP Monthly Statistical Report - August 2022.xlsx,,,,,,,,,,
,,,,,,,,,,
Totals,,476,27,449,6%,388,88,82%,24%,2022/8/1
Gender,Male,449,20,429,4%,362,87,81%,24%,
,Female,27,7,20,26%,26,1,96%,74%,
Race,Black,251,8,243,3%,195,56,78%,25%,
,White,218,19,199,9%,188,30,86%,22%,
,Unknown,7,0,7,0%,5,2,71%,29%,
Age,YO,0,0,0,N/A,0,0,N/A,N/A,
,18-29,48,1,47,2%,34,14,71%,31%,
,30-39,153,7,146,5%,115,38,75%,29%,
,40-49,139,13,126,9%,120,19,86%,23%,
,50-59,80,5,75,6%,69,11,86%,20%,
,60-69,46,1,45,2%,41,5,89%,13%,
,70-79,10,0,10,0%,9,1,90%,10%,
,80+,0,0,0,N/A,0,0,N/A,N/A,
Risk Assessment,Low,170,7,163,4%,167,3,98%,6%,
,Moderate,204,19,185,9%,164,40,80%,29%,
,High,84,1,83,1%,54,30,64%,37%,
,Very High,18,0,18,0%,3,15,17%,83%,
Offense Severity,Low,74,6,68,8%,70,4,95%,14%,
,Moderate,59,8,51,14%,52,7,88%,25%,
,High,343,13,330,4%,266,77,78%,26%,
Institutional Behavior,0 Disc w/in last 12 months,342,25,317,7%,311,31,91%,16%,
,1 or more non-violent disc,98,2,96,2%,69,29,70%,32%,
,1 violent disc,30,0,30,0%,8,22,27%,73%,
,2 or more violent disc,6,0,6,0%,0,6,0%,100%,
Programming,Completion of Required Programs,363,22,341,6%,297,66,82%,24%,
,Reasonable Effort Made,72,4,68,6%,68,4,94%,11%,
,No Reasonable Effort Made,39,1,38,3%,22,17,56%,46%,
,Unacceptable Compliance,2,0,2,0%,1,1,50%,50%,
Offense Type,Violent,317,10,307,3%,247,70,78%,25%,
,Non-violent,159,17,142,11%,141,18,89%,22%,
#ABPP Monthly Statistical Report - September 2022.xlsx,,,,,,,,,,
,,,,,,,,,,
Totals,,411,33,378,8%,348,63,85%,23%,2022/9/1
Gender,Male,380,27,353,7%,319,61,84%,23%,
,Female,31,6,25,19%,29,2,94%,26%,
Race,Black,228,12,216,5%,189,39,83%,22%,
,White,179,21,158,12%,155,24,87%,25%,
,Unknown,4,0,4,0%,4,0,100%,0%,
Age,YO,0,0,0,0%,0,0,0%,0%,
,18-29,31,2,29,2%,26,5,84%,6%,
,30-39,120,8,112,6%,93,27,78%,28%,
,40-49,124,9,115,9%,108,16,87%,26%,
,50-59,97,14,83,47%,86,11,89%,83%,
,60-69,30,0,30,0%,26,4,87%,44%,
,70-79,9,0,9,N/A,9,0,N/A,0%,
,80+,0,0,0,N/A,0,0,N/A,N/A,
Risk Assessment,Low,146,12,134,8%,142,4,97%,11%,
,Moderate,178,20,158,11%,159,19,89%,22%,
,High,66,1,65,2%,43,23,65%,36%,
,Very High,21,0,21,0%,4,17,19%,81%,
Offense Severity,Low,58,9,49,16%,54,4,93%,22%,
,Moderate,69,12,57,17%,59,10,86%,32%,
,High,284,12,272,4%,235,49,83%,21%,
Institutional Behavior,0 Disc w/in last 12 months,295,32,263,11%,266,29,90%,21%,
,1 or more non-violent disc,90,1,89,1%,71,19,79%,22%,
,1 violent disc,20,0,20,0%,11,9,55%,45%,
,2 or more violent disc,6,0,6,0%,0,6,0%,100%,
Programming,Completion of Required Programs,296,20,276,7%,260,36,88%,19%,
,Reasonable Effort Made,93,12,81,13%,81,12,87%,26%,
,No Reasonable Effort Made,13,0,13,0%,5,8,38%,62%,
,Unacceptable Compliance,9,1,8,11%,2,7,22%,89%,
Offense Type,Violent,287,13,274,5%,237,50,83%,22%,
,Non-violent,124,20,104,16%,111,13,90%,27%,
#ABPP Monthly Statistical Report - October 2022.xlsx,,,,,,,,,,
,,,,,,,,,,
Totals,,388,31,357,8%,320,68,82%,26%,2022/10/1
Gender,Male,337,23,314,7%,272,65,81%,26%,
,Female,51,8,43,16%,48,3,94%,22%,
Race,Black,181,13,168,7%,140,41,77%,30%,
,White,203,18,185,9%,177,26,87%,22%,
,Unknown,4,0,4,0%,3,1,75%,25%,
Age,YO,0,0,0,0%,0,0,0%,0%,
,18-29,36,2,34,6%,30,6,83%,22%,
,30-39,122,10,112,8%,96,26,79%,30%,
,40-49,120,9,111,8%,96,24,80%,28%,
,50-59,78,7,71,9%,68,10,87%,22%,
,60-69,28,3,25,11%,26,2,93%,18%,
,70-79,4,0,4,0%,4,0,100%,0%,
,80+,0,0,0,N/A,0,0,N/A,N/A,
Risk Assessment,Low,123,13,110,11%,121,2,98%,12%,
,Moderate,167,17,150,10%,140,27,84%,26%,
,High,79,1,78,1%,55,24,70%,32%,
,Very High,19,0,19,0%,4,15,21%,79%,
Offense Severity,Low,87,14,73,16%,84,3,97%,20%,
,Moderate,84,8,76,10%,74,10,88%,21%,
,High,217,9,208,4%,162,55,75%,29%,
Institutional Behavior,0 Disc w/in last 12 months,287,30,257,10%,253,34,88%,22%,
,1 or more non-violent disc,86,1,85,1%,62,24,72%,29%,
,1 violent disc,13,0,13,0%,5,8,38%,62%,
,2 or more violent disc,2,0,2,0%,0,2,0%,100%,
Programming,Completion of Required Programs,276,19,257,7%,235,41,85%,22%,
,Reasonable Effort Made,78,9,69,12%,68,10,87%,24%,
,No Reasonable Effort Made,29,2,27,7%,15,14,52%,55%,
,Unacceptable Compliance,5,1,4,20%,2,3,40%,80%,
Offense Type,Violent,219,6,213,3%,171,48,78%,25%,
,Non-violent,169,25,144,15%,149,20,88%,27%,
#ABPP Monthly Statistical Report - November 2022.xlsx,,,,,,,,,,
,,,,,,,,,,
Totals,,302,32,270,11%,245,57,81%,29%,2022/11/1
Gender,Male,279,23,256,8%,224,55,80%,27%,
,Female,23,9,14,39%,21,2,91%,48%,
Race,Black,154,12,142,8%,125,29,81%,27%,
,White,144,20,124,14%,116,28,81%,32%,
,Unknown,4,0,4,0%,4,0,100%,0%,
Age,YO,0,0,0,N/A,0,0,N/A,N/A,
,18-29,25,2,23,8%,16,9,64%,44%,
,30-39,84,7,77,8%,66,18,79%,27%,
,40-49,100,15,85,15%,79,21,79%,36%,
,50-59,53,4,49,8%,48,5,91%,17%,
,60-69,32,4,28,13%,29,3,91%,22%,
,70-79,7,0,7,0%,6,1,86%,14%,
,80+,1,0,1,0%,1,0,100%,0%,
Risk Assessment,Low,93,6,87,6%,92,1,99%,8%,
,Moderate,127,21,106,17%,108,19,85%,31%,
,High,64,5,59,8%,40,24,63%,42%,
,Very High,18,0,18,0%,5,13,28%,72%,
Offense Severity,Low,54,11,43,20%,51,3,94%,26%,
,Moderate,58,9,49,16%,47,11,81%,34%,
,High,190,12,178,6%,147,43,77%,28%,
Institutional Behavior,0 Disc w/in last 12 months,228,30,198,13%,205,23,90%,23%,
,1 or more non-violent disc,54,2,52,4%,35,19,65%,35%,
,1 violent disc,18,0,18,0%,5,13,28%,72%,
,2 or more violent disc,2,0,2,0%,0,2,0%,100%,
Programming,Completion of Required Programs,229,22,207,10%,196,33,86%,23%,
,Reasonable Effort Made,46,9,37,20%,40,6,87%,33%,
,No Reasonable Effort Made,23,1,22,4%,9,14,39%,65%,
,Unacceptable Compliance,4,0,4,0%,0,4,0%,100%,
Offense Type,Violent,170,4,166,2%,136,34,80%,22%,
,Non-violent,132,28,104,21%,109,23,83%,37%,
#ABPP Monthly Statistical Report - December 2022.xlsx,,,,,,,,,,
,,,,,,,,,,
Totals,,276,21,255,8%,231,45,84%,24%,2022/12/1
Gender,Male,250,19,231,8%,208,42,83%,24%,
,Female,26,2,24,8%,23,3,88%,19%,
Race,Black,144,17,127,12%,118,26,82%,30%,
,White,122,4,118,3%,105,17,86%,17%,
,Unknown,10,0,10,0%,8,2,80%,20%,
Age,YO,0,0,0,N/A,0,0,N/A,N/A,
,18-29,35,0,35,0%,25,10,71%,29%,
,30-39,79,6,73,8%,62,17,78%,29%,
,40-49,76,9,67,12%,68,8,89%,22%,
,50-59,52,6,46,12%,46,6,88%,23%,
,60-69,25,0,25,0%,23,2,92%,8%,
,70-79,9,0,9,0%,7,2,78%,22%,
,80+,0,0,0,N/A,0,0,N/A,N/A,
Risk Assessment,Low,102,6,96,6%,100,2,98%,8%,
,Moderate,113,15,98,13%,99,14,88%,26%,
,High,50,0,50,0%,28,22,56%,44%,
,Very High,11,0,11,0%,4,7,36%,64%,
Offense Severity,Low,42,8,34,19%,36,6,86%,33%,
,Moderate,51,6,45,12%,46,5,90%,22%,
,High,183,7,176,4%,149,34,81%,22%,
Institutional Behavior,0 Disc w/in last 12 months,210,20,190,10%,186,24,89%,21%,
,1 or more non-violent disc,62,1,61,2%,43,19,69%,32%,
,1 violent disc,4,0,4,0%,2,2,50%,50%,
,2 or more violent disc,0,0,0,N/A,0,0,N/A,N/A,
Programming,Completion of Required Programs,205,20,185,10%,181,24,88%,21%,
,Reasonable Effort Made,52,1,51,2%,48,4,92%,10%,
,No Reasonable Effort Made,13,0,13,0%,2,11,15%,85%,
,Unacceptable Compliance,6,0,6,0%,0,6,0%,100%,
Offense Type,Violent,171,4,167,2%,138,33,81%,22%,
,Non-violent,105,17,88,16%,93,12,89%,28%,